q1-v4.0,3.651709515,3.294110491,7.452240692999999
q10-v4.0,3.27543187,3.1553353040000003,3.93623191
q11-v4.0,31.856050011,31.298412061,32.70045142
q12-v4.0,2.219544139,2.001581446,2.4901625829999996
q13-v4.0,8.787923326,8.086899280999999,11.531373303
q14a-v4.0,78.281735286,73.58272482800001,80.260489339
q14b-v4.0,74.347136836,72.715261619,77.853091932
q15-v4.0,4.728990446,4.551165864,4.906883703
q16-v4.0,29.408442153,28.399888678,29.727165677000002
q17-v4.0,6.518334595000001,6.0182407819999995,7.063238862
q18-v4.0,13.811209333,12.692782708000001,21.530177941
q19-v4.0,5.417072350000001,4.094964952,8.123968189
q2-v4.0,31.105701254,26.319304664,34.647902181
q20-v4.0,3.6126004870000004,3.07399225,4.493488837
q21-v4.0,1.982536189,1.3881596010000001,2.067137818
q22-v4.0,7.783068013,7.3248871179999995,8.962366423999999
q23a-v4.0,173.333544018,170.25844931600002,179.414566255
q23b-v4.0,216.25188548900002,214.37101279,219.730017564
q24a-v4.0,73.719407209,70.816880532,75.807412058
q24b-v4.0,71.785608873,69.604931414,74.50493326799999
q25-v4.0,5.690122502,5.436520515,6.143031801
q26-v4.0,8.348824747,8.302163313,10.944123797
q27-v4.0,7.340135131,7.0241651339999995,13.488229964
q28-v4.0,88.590919816,87.114529285,103.854972989
q29-v4.0,27.664230257,25.725665542999998,28.080877685
q3-v4.0,6.111209734,5.527316147,7.010558986
q30-v4.0,8.152722775,8.105769912,8.427974589
q31-v4.0,9.608592899,8.987381544,11.294910223999999
q32-v4.0,1.3496609739999998,1.256309217,1.652977112
q33-v4.0,3.645480371,3.58703888,4.027281754
q34-v4.0,5.955864027,4.916011907,7.100051168
q35-v4.0,8.756987899,8.45269554,9.257393319
q36-v4.0,9.906084236,9.40453558,10.869680635
q37-v4.0,18.402774058,17.865189978,20.095296309000002
q38-v4.0,12.19581259,12.101413398,12.680433419000002
q39a-v4.0,2.952001948,2.785532436,3.35734465
q39b-v4.0,2.68983367,2.513441818,3.948995368
q4-v4.0,66.354476459,62.086101463,67.354412968
q40-v4.0,9.659419516,9.326152298,10.992885915
q41-v4.0,0.417149672,0.38913300500000003,0.459903116
q42-v4.0,2.00687359,1.792141678,2.497410305
q43-v4.0,5.465101889,4.9180678019999995,5.810161313
q44-v4.0,32.823259359000005,30.554899568,38.614988916
q45-v4.0,5.578964710999999,5.282834299,6.629700053
q46-v4.0,8.259471804999999,7.762440379,9.09486998
q47-v4.0,23.545019809000003,22.779516296999997,26.109651937
q48-v4.0,7.861738748,6.6901538060000005,8.479407499999999
q49-v4.0,16.798646976,15.889386012000001,19.705473871
q5-v4.0,25.438070552000003,22.056409915,25.675111386
q50-v4.0,109.363878499,108.438847337,111.423753831
q51-v4.0,9.618359487,8.921001467,9.955039609
q52-v4.0,2.1816492469999997,1.6770579540000001,3.519160495
q53-v4.0,5.3820928949999995,5.141178874,5.682259879999999
q54-v4.0,2.926482599,2.761323703,4.033700068
q55-v4.0,2.11079364,1.7074176440000002,2.412513375
q56-v4.0,2.29968188,1.8073881550000002,2.785599486
q57-v4.0,15.55558472,15.247809520999999,15.930724355
q58-v4.0,1.981598827,1.879968646,3.5437565060000003
q59-v4.0,28.712241431,27.479414510999998,31.39787091
q6-v4.0,4.018949928,3.719253627,4.574589569
q60-v4.0,6.64972448,6.259387185,7.068661393
q61-v4.0,3.53388922,2.5923877109999998,4.847244042000001
q62-v4.0,9.575646768,8.895049305,10.672584703
q63-v4.0,5.929480616,5.106858945,8.369746471000001
q64-v4.0,84.941738779,82.268178412,89.41117725199999
q65-v4.0,22.888756239,22.148782136999998,23.43087749
q66-v4.0,7.850543059,7.7453521069999995,8.896175301
q67-v4.0,48.647479012999995,46.878684728,49.059927877
q68-v4.0,4.216697912,3.815745004,4.319201439
q69-v4.0,2.991786195,2.742975531,5.338059136
q7-v4.0,14.346722212000001,14.112185299,16.670124766
q70-v4.0,13.043625693,12.154464248,13.865970454000001
q71-v4.0,3.509528628,3.2812745850000002,4.004516615
q72-v4.0,134.127279016,130.468363688,134.872357937
q73-v4.0,2.7398876949999997,2.2818658999999997,3.611190097
q74-v4.0,23.518105523,22.860299119,24.446091491
q75-v4.0,47.480514477999996,47.102957385,53.305297914
q76-v4.0,43.935326548,41.39889598,49.184760272
q77-v4.0,2.53360022,2.031759835,3.536586717
q78-v4.0,65.615485388,65.077500383,68.125010042
q79-v4.0,5.672342764,5.062377957,8.160345178
q8-v4.0,3.8005743830000003,3.40155243,7.888781629
q80-v4.0,23.432004552,22.896615856,25.63355548
q81-v4.0,6.491281836,6.128059048,7.226414603
q82-v4.0,31.118604284,30.782525559,31.91357154
q83-v4.0,1.625452448,1.467496312,1.706938446
q84-v4.0,5.956526594,5.5859969110000005,6.481711400999999
q85-v4.0,10.924405113,10.302886043,11.509730498000001
q86-v4.0,9.705835492,9.149785887,12.312739002
q87-v4.0,12.344678459999999,12.053269324,12.796091906
q88-v4.0,79.37744364,76.224433296,90.75271824400001
q89-v4.0,9.213523114,8.727025638999999,9.540223367000001
q9-v4.0,183.374391986,172.796171831,187.78967167099998
q90-v4.0,10.086563219,8.920499612,11.852143747
q91-v4.0,1.795110071,1.449782093,3.508840348
q92-v4.0,1.147947142,1.033705297,1.4877190310000001
q93-v4.0,154.08611765,152.249529136,155.79404252700002
q94-v4.0,20.787641517,19.12992799,21.814405029000003
q95-v4.0,42.777713427,41.843015630000004,44.906861567
q96-v4.0,12.725253352,11.297733527,13.425132856
q97-v4.0,16.675396433000003,16.567709395,17.058917553
q98-v4.0,4.637069808000001,4.41311583,5.436980838999999
q99-v4.0,14.859140541,14.15250806,15.535495935
